{"cameraMode":{"drawMode":0,"name":"Shaded","section":"Shading Mode"},"sceneLighting":true,"audioPlay":false,"sceneViewState":{"showFog":true,"showMaterialUpdate":false,"showSkybox":true,"showFlares":true,"showImageEffects":true,"showParticleSystems":true},"in2DMode":false,"pivot":{"x":2.6696949005126955,"y":-0.9821301102638245,"z":5.535516262054443},"rotation":{"x":-0.06738048791885376,"y":0.10515962541103363,"z":-0.007142828311771154,"w":-0.9921518564224243},"size":18.008445739746095,"orthographic":false}